{
  "context.md": 1776867825.1473632,
  "GIT_WARNING.md": 1776867825.147067,
  "README.md": 1776867825.1472106,
  "servidormcp.md": 1776867825.1495545,
  "CLAUDE.md": 1777473380.3747988,
  "docs/CODEBASE_MAP.md": 1776867825.1475506,
  "graphify-out/graph.html": 1777473875.037425,
  "graphify-out/GRAPH_REPORT.md": 1777473865.3190262
}